last_name,first_name,email
Abramov,Adler,aabramov0@nbcnews.com
Sharpin,Algernon,asharpin1@cnn.com
Otham,Denver,dotham2@scientificamerican.com
Dunklee,May,mdunklee3@cornell.edu
Anniwell,Brendis,banniwell4@csmonitor.com
Moniker,Nettie,nmoniker5@feedburner.com
Leverington,Keir,kleverington6@foxnews.com
Sherrock,Harrie,hsherrock7@seesaa.net
Partlett,Merrick,mpartlett8@usa.gov
Dyka,Jorrie,jdyka9@prlog.org
Roskruge,Dulciana,droskrugea@google.ca
Dauney,Niels,ndauneyb@opera.com
Towle,Kelila,ktowlec@oracle.com
Edens,Edan,eedensd@earthlink.net
Jankin,Nate,njankine@unesco.org
Halligan,Brodie,bhalliganf@taobao.com
Forsbey,Roselin,rforsbeyg@house.gov
Antonucci,Luelle,lantonuccih@washingtonpost.com
Cappleman,Devonne,dcapplemani@list-manage.com
Clemensen,Noam,nclemensenj@cdc.gov
Kellogg,Chrissie,ckelloggk@merriam-webster.com
Renowden,Aaren,arenowdenl@sogou.com
Barbie,Delmer,dbarbiem@ucoz.ru
Follitt,Miltie,mfollittn@dailymotion.com
Stickel,Ilario,istickelo@disqus.com
Franck,Kendell,kfranckp@cornell.edu
Van Zon,Richard,rvanzonq@ask.com
Spalding,Moria,mspaldingr@simplemachines.org
Verick,Kit,kvericks@pagesperso-orange.fr
Bumpas,Lucio,lbumpast@netlog.com
Baldini,Zebedee,zbaldiniu@mlb.com
Meeking,Giorgi,gmeekingv@phpbb.com
Hogbin,Moria,mhogbinw@google.cn
Yateman,Alan,ayatemanx@sitemeter.com
Maltster,Reinaldos,rmaltstery@desdev.cn
Monketon,Timmy,tmonketonz@dyndns.org
Mackison,Elizabeth,emackison10@opensource.org
Ceyssen,Mata,mceyssen11@goo.ne.jp
Mitten,Lindie,lmitten12@geocities.com
Christophers,Frants,fchristophers13@guardian.co.uk
Akaster,Anica,aakaster14@noaa.gov
Derrick,Alexis,aderrick15@studiopress.com
Joska,Malachi,mjoska16@miitbeian.gov.cn
Churching,Delinda,dchurching17@icio.us
Wink,Lauretta,lwink18@theatlantic.com
Edwinson,Melisse,medwinson19@mysql.com
Cosely,Kay,kcosely1a@twitter.com
Scholte,Leann,lscholte1b@cdbaby.com
Brangan,Quill,qbrangan1c@weebly.com
Sumbler,Dori,dsumbler1d@census.gov
Folkes,Shawna,sfolkes1e@wisc.edu
Fransinelli,Gael,gfransinelli1f@webeden.co.uk
Heister,Bernette,bheister1g@bloglovin.com
Raithby,Jany,jraithby1h@fema.gov
Ailsbury,Andros,aailsbury1i@php.net
Smales,Kevon,ksmales1j@phoca.cz
Hempshall,Kermie,khempshall1k@wunderground.com
Freiberg,Alisun,afreiberg1l@google.com.br
Salleir,Adler,asalleir1m@dot.gov
Roseborough,Carry,croseborough1n@sphinn.com
Sillito,Emiline,esillito1o@guardian.co.uk
Frend,Nissie,nfrend1p@hao123.com
Brann,Avictor,abrann1q@ucoz.com
Benmore,Winfield,wbenmore1r@tumblr.com
Schimann,Arlana,aschimann1s@multiply.com
Bouskill,Burton,bbouskill1t@topsy.com
Videler,Richmond,rvideler1u@usda.gov
Cantu,Claudia,ccantu1v@so-net.ne.jp
Cartledge,Donaugh,dcartledge1w@cafepress.com
Baskerfield,Arlen,abaskerfield1x@mediafire.com
Apthorpe,Obidiah,oapthorpe1y@qq.com
Shackesby,Valencia,vshackesby1z@meetup.com
Keysel,Jilly,jkeysel20@marketwatch.com
Felgate,Corrine,cfelgate21@deviantart.com
Joao,Dieter,djoao22@wisc.edu
Korn,Doll,dkorn23@goo.ne.jp
Habbon,Perice,phabbon24@intel.com
Mabson,Che,cmabson25@ebay.com
Oxtarby,Gordan,goxtarby26@wikia.com
Dun,Brigitte,bdun27@friendfeed.com
Toffaloni,Hoebart,htoffaloni28@paginegialle.it
Filipczynski,Mario,mfilipczynski29@desdev.cn
Taffrey,Weylin,wtaffrey2a@com.com
Wasbey,Eziechiele,ewasbey2b@usgs.gov
Varah,Ellie,evarah2c@instagram.com
MacGow,Bethena,bmacgow2d@twitter.com
Pesek,Keith,kpesek2e@admin.ch
Muskett,Olympe,omuskett2f@icq.com
Naden,Jasmine,jnaden2g@icq.com
Hoofe,Frankie,fhoofe2h@go.com
Hannah,Benjie,bhannah2i@weebly.com
Allon,Zared,zallon2j@intel.com
Fancet,Carly,cfancet2k@usa.gov
Ife,Mala,mife2l@aboutads.info
Murphey,Lon,lmurphey2m@weebly.com
Chiddy,Mellie,mchiddy2n@usa.gov
Minigo,Jereme,jminigo2o@sourceforge.net
Blackburn,Jill,jblackburn2p@joomla.org
Glaister,Andeee,aglaister2q@tripod.com
Giabuzzi,Chad,cgiabuzzi2r@mayoclinic.com
Cobain,Bridget,bcobain2s@t.co
MacGill,Rorke,rmacgill2t@indiegogo.com
Marsay,Rhiamon,rmarsay2u@sina.com.cn
Scheu,Lilyan,lscheu2v@behance.net
Greswell,Louisette,lgreswell2w@technorati.com
Merfin,Paolo,pmerfin2x@reverbnation.com
Rivel,Dee dee,drivel2y@indiatimes.com
Shimwall,Sibilla,sshimwall2z@barnesandnoble.com
Rawles,Horten,hrawles30@mit.edu
Pardi,Akim,apardi31@vk.com
Wesson,Ignacio,iwesson32@ox.ac.uk
Prebble,Margarita,mprebble33@vinaora.com
Sparry,Huberto,hsparry34@amazon.com
Vondrys,Beverlie,bvondrys35@slideshare.net
Mityushin,Lazaro,lmityushin36@mediafire.com
Laurisch,Raynard,rlaurisch37@merriam-webster.com
Shwenn,Marisa,mshwenn38@guardian.co.uk
Tranckle,Stewart,stranckle39@instagram.com
Leythley,Rice,rleythley3a@nba.com
Halgarth,Alexandr,ahalgarth3b@cbc.ca
Tatum,Alan,atatum3c@freewebs.com
Tiley,Burnard,btiley3d@yale.edu
Dyble,Lion,ldyble3e@photobucket.com
Hanney,Annadiane,ahanney3f@quantcast.com
Grassick,Tilda,tgrassick3g@google.co.jp
Beckley,Lorens,lbeckley3h@bbb.org
Geraud,Earvin,egeraud3i@jigsy.com
Patrick,Roxine,rpatrick3j@wiley.com
Monteith,Artemus,amonteith3k@japanpost.jp
Bullent,Carla,cbullent3l@stanford.edu
O'Dwyer,Hetty,hodwyer3m@surveymonkey.com
Rohmer,Gabriell,grohmer3n@tinypic.com
Pudan,Carilyn,cpudan3o@japanpost.jp
Hess,Eugine,ehess3p@biglobe.ne.jp
Howsin,Mufinella,mhowsin3q@google.com.hk
Czapla,Joellyn,jczapla3r@rambler.ru
Greenhall,Toddy,tgreenhall3s@umich.edu
De Filippo,Alexi,adefilippo3t@examiner.com
Dziwisz,Jacki,jdziwisz3u@woothemes.com
Danes,Jamal,jdanes3v@gov.uk
Healey,Janela,jhealey3w@discovery.com
Mapes,Reggie,rmapes3x@blog.com
Fishenden,Kania,kfishenden3y@dyndns.org
Crucetti,Nicoline,ncrucetti3z@house.gov
Emerson,Russell,remerson40@google.co.uk
Hoyles,Francyne,fhoyles41@pinterest.com
Skellorne,Luz,lskellorne42@mit.edu
Dyke,Jerrome,jdyke43@comsenz.com
Dooley,Wendel,wdooley44@howstuffworks.com
Gaddes,Sam,sgaddes45@xinhuanet.com
de Glanville,Parry,pdeglanville46@tripod.com
Bebbell,Brok,bbebbell47@furl.net
Gleadhell,Ava,agleadhell48@unc.edu
Bein,Falito,fbein49@youku.com
Riccard,Nevile,nriccard4a@wsj.com
Daniels,Sarette,sdaniels4b@sfgate.com
Bellham,Vaughan,vbellham4c@pagesperso-orange.fr
Chaimson,Merna,mchaimson4d@shareasale.com
Simione,Paolo,psimione4e@cisco.com
Mogra,Dominica,dmogra4f@ucoz.com
Sparrow,Eleen,esparrow4g@umn.edu
Mars,Gillan,gmars4h@earthlink.net
Howsan,Abbie,ahowsan4i@princeton.edu
Coulsen,Reginald,rcoulsen4j@amazon.co.uk
Pichmann,Mariquilla,mpichmann4k@geocities.com
Linder,Anna,alinder4l@mayoclinic.com
Maciejak,Candace,cmaciejak4m@pcworld.com
Nast,Bride,bnast4n@mail.ru
Swainson,Elvin,eswainson4o@wikispaces.com
Castagnaro,Brien,bcastagnaro4p@shop-pro.jp
Simonett,Onfre,osimonett4q@unicef.org
Bonnaire,Prince,pbonnaire4r@networkadvertising.org
Tathacott,Rancell,rtathacott4s@dropbox.com
Crowcombe,Kesley,kcrowcombe4t@ucsd.edu
Chippindall,Jeanelle,jchippindall4u@livejournal.com
Dunbar,Roby,rdunbar4v@google.ru
Poultney,Brand,bpoultney4w@is.gd
Jeavon,Hernando,hjeavon4x@tripadvisor.com
Breslau,Aurthur,abreslau4y@berkeley.edu
Cicculini,Dwain,dcicculini4z@google.de
Verheijden,Orran,overheijden50@wsj.com
Maginn,Mel,mmaginn51@blogger.com
Whatman,Bennett,bwhatman52@fc2.com
Chave,Alisun,achave53@cdbaby.com
Loiterton,Jamaal,jloiterton54@newyorker.com
Blew,Keslie,kblew55@php.net
Vesco,Else,evesco56@adobe.com
Lighterness,Warden,wlighterness57@rakuten.co.jp
Ashington,Gayle,gashington58@illinois.edu
Wentworth,Joellyn,jwentworth59@spiegel.de
Matuszyk,Bourke,bmatuszyk5a@tripadvisor.com
Hupka,Carry,chupka5b@google.ru
Purrington,Garth,gpurrington5c@ft.com
Vedenyapin,Chris,cvedenyapin5d@blogger.com
O'Shaughnessy,Sharron,soshaughnessy5e@amazonaws.com
Morland,Dionisio,dmorland5f@wikispaces.com
Ewdale,Catherine,cewdale5g@photobucket.com
Kroch,Britta,bkroch5h@forbes.com
Winborn,Brynna,bwinborn5i@tumblr.com
Bearward,Tamiko,tbearward5j@discuz.net
Edworthie,Nicoline,nedworthie5k@uol.com.br
Upjohn,Evangelina,eupjohn5l@bbb.org
Ealden,Gus,gealden5m@sbwire.com
Izkovitz,Octavius,oizkovitz5n@goo.gl
Moulsdale,Zsa zsa,zmoulsdale5o@mapy.cz
Simoneau,Field,fsimoneau5p@mit.edu
Styan,Fara,fstyan5q@army.mil
Lynagh,Sheela,slynagh5r@vkontakte.ru
Poel,Grady,gpoel5s@comsenz.com
Slaymaker,Mechelle,mslaymaker5t@1688.com
Pattison,Thalia,tpattison5u@dailymail.co.uk
Austwick,Tully,taustwick5v@admin.ch
Bumford,Ronni,rbumford5w@liveinternet.ru
Demsey,Glyn,gdemsey5x@123-reg.co.uk
Timpany,Anna-diana,atimpany5y@hugedomains.com
Gammett,Cortney,cgammett5z@shop-pro.jp
Presley,Waly,wpresley60@nps.gov
Whyffen,Boone,bwhyffen61@ning.com
McGarrie,Hersch,hmcgarrie62@wordpress.com
Welden,Felicio,fwelden63@scientificamerican.com
Goodlip,Leonelle,lgoodlip64@illinois.edu
Olczyk,Cassondra,colczyk65@hc360.com
Lesurf,Ludvig,llesurf66@360.cn
Otham,Timmy,totham67@so-net.ne.jp
Ottey,Floria,fottey68@lulu.com
Mitchener,Friedrick,fmitchener69@skyrock.com
Menier,Scarface,smenier6a@csmonitor.com
Harpur,Benjie,bharpur6b@noaa.gov
Harraway,Deeanne,dharraway6c@twitpic.com
McGlashan,Martyn,mmcglashan6d@ebay.co.uk
O'Lagene,Gerianne,golagene6e@skyrock.com
De Roeck,Nonie,nderoeck6f@chron.com
Tonsley,Damon,dtonsley6g@so-net.ne.jp
Standley,Zebadiah,zstandley6h@msu.edu
Capell,Stephan,scapell6i@phoca.cz
Alkins,Ashley,aalkins6j@de.vu
Kurton,Kippie,kkurton6k@privacy.gov.au
Chatwin,Mirilla,mchatwin6l@admin.ch
Warry,Allsun,awarry6m@themeforest.net
Favill,Lucine,lfavill6n@surveymonkey.com
Wadworth,Gloriana,gwadworth6o@salon.com
Seivertsen,Mathew,mseivertsen6p@ebay.com
Llop,Kynthia,kllop6q@redcross.org
Rintoul,Harald,hrintoul6r@go.com
Gorges,Vivia,vgorges6s@acquirethisname.com
Endean,Ophelie,oendean6t@people.com.cn
Percifer,Norine,npercifer6u@slate.com
Weddeburn,Enos,eweddeburn6v@netscape.com
Coneybeer,Zahara,zconeybeer6w@wordpress.com
Bailey,Bobby,bbailey6x@msu.edu
